,cell_happy1,cell_happy2,cell_happy3,cell_happy4,cell_happy5,cell_sad1,cell_sad2,cell_sad3,cell_sad4,cell_sad5
MAST2,0.8982444017039272,0.0,0.38685280723454163,0.0,1.0,0.0,0.0,0.38685280723454163,0.38685280723454163,0.0
RBMXL1,0.5283208335737187,0.3333333333333333,0.0,0.0,0.5283208335737187,0.0,0.0,0.0,0.6666666666666666,1.0
URI1,0.7124143742160444,0.3562071871080222,0.5645750340535796,0.0,1.0,0.0,0.3562071871080222,0.8270874753469161,0.7124143742160444,0.3562071871080222
COL27A1,0.0,0.0,0.0,0.0,0.0,0.0,0.0,0.0,0.0,1.0
TMEM233,0.0,0.0,0.0,0.0,1.0,0.0,0.0,0.0,0.0,0.0
SMC4,0.6667933988284075,1.0,0.5609019166288391,0.7122654133809926,0.23899778023900187,0.19959567622241894,0.0,0.6975698890363577,0.8162851689630228,0.47507410675586853
SLC35B1,0.20751874963942196,0.5,0.5,0.5,0.36848279708310305,0.611196210668224,0.611196210668224,1.0,0.20751874963942196,0.0
