,cell_happy1,cell_happy2,cell_happy3,cell_happy4,cell_happy5,cell_sad1,cell_sad2,cell_sad3,cell_sad4,cell_sad5
FANCD1,0.0,0.11324028261726884,0.16431168224975762,0.2122858879455431,0.4163143231491911,0.485169213662379,1.0,0.7607954608105735,0.7371718545618124,0.4163143231491911
TP53,0.0,0.0,0.0,0.0,0.0,0.0,0.0,0.0,0.0,1.0
FANCL,0.6667933988284075,1.0,0.5609019166288391,0.7122654133809926,0.23899778023900187,0.19959567622241894,0.0,0.6975698890363577,0.8162851689630228,0.47507410675586853
BRCA1,0.20751874963942196,0.5,0.5,0.5,0.36848279708310305,0.611196210668224,0.611196210668224,1.0,0.20751874963942196,0.0
